{"cameraMode":{"drawMode":0,"name":"Shaded","section":"Shading Mode"},"sceneLighting":true,"audioPlay":false,"sceneViewState":{"m_AlwaysRefresh":false,"showFog":true,"showSkybox":false,"showFlares":true,"showImageEffects":true,"showParticleSystems":true,"showVisualEffectGraphs":true,"m_FxEnabled":true},"in2DMode":false,"pivot":{"x":0.9638765454292297,"y":0.6154949069023132,"z":-1.3818241357803345},"rotation":{"x":-0.13890348374843598,"y":0.3196914792060852,"z":-0.047435540705919269,"w":-0.9361003637313843},"size":1.0100902318954468,"orthographic":false}