{"cameraMode":{"drawMode":0,"name":"Shaded","section":"Shading Mode"},"sceneLighting":false,"audioPlay":false,"sceneViewState":{"m_AlwaysRefresh":false,"showFog":true,"showSkybox":false,"showFlares":true,"showImageEffects":true,"showParticleSystems":true,"showVisualEffectGraphs":true,"m_FxEnabled":true},"in2DMode":false,"pivot":{"x":3.897294759750366,"y":3.5856528282165529,"z":-0.49824023246765139},"rotation":{"x":-0.12295972555875778,"y":0.0283197108656168,"z":-0.003446359420195222,"w":-0.9921510815620422},"size":2.7044105529785158,"orthographic":false}