{"cameraMode":{"drawMode":0,"name":"Shaded","section":"Shading Mode"},"sceneLighting":false,"audioPlay":false,"sceneViewState":{"m_AlwaysRefresh":false,"showFog":true,"showSkybox":false,"showFlares":true,"showImageEffects":true,"showParticleSystems":true,"showVisualEffectGraphs":true,"m_FxEnabled":true},"in2DMode":false,"pivot":{"x":1.4960477352142335,"y":1.5017832517623902,"z":0.0017828941345214844},"rotation":{"x":-0.04520105943083763,"y":-0.5147526264190674,"z":0.02726076729595661,"w":-0.8558850288391113},"size":2.1294314861297609,"orthographic":false}