{"cameraMode":{"drawMode":0,"name":"Shaded","section":"Shading Mode"},"sceneLighting":false,"audioPlay":false,"sceneViewState":{"m_AlwaysRefresh":false,"showFog":true,"showSkybox":false,"showFlares":true,"showImageEffects":true,"showParticleSystems":true,"showVisualEffectGraphs":true,"m_FxEnabled":true},"in2DMode":false,"pivot":{"x":-1.3400155305862427,"y":0.4509214758872986,"z":1.4422450065612794},"rotation":{"x":0.05837956815958023,"y":-0.8127678632736206,"z":0.08269575983285904,"w":0.5737575888633728},"size":0.7157139182090759,"orthographic":false}