{"cameraMode":{"drawMode":0,"name":"Shaded","section":"Shading Mode"},"sceneLighting":false,"audioPlay":false,"sceneViewState":{"m_AlwaysRefresh":false,"showFog":true,"showSkybox":false,"showFlares":true,"showImageEffects":true,"showParticleSystems":true,"showVisualEffectGraphs":true,"m_FxEnabled":true},"in2DMode":false,"pivot":{"x":-2.6322741508483888,"y":0.27722030878067019,"z":1.0110000371932984},"rotation":{"x":-0.3524303436279297,"y":-0.3902200162410736,"z":0.16483725607395173,"w":-0.8345217108726502},"size":0.9020482897758484,"orthographic":false}