{"cameraMode":{"drawMode":0,"name":"Shaded","section":"Shading Mode"},"sceneLighting":false,"audioPlay":false,"sceneViewState":{"m_AlwaysRefresh":false,"showFog":true,"showSkybox":false,"showFlares":true,"showImageEffects":true,"showParticleSystems":true,"showVisualEffectGraphs":true,"m_FxEnabled":true},"in2DMode":false,"pivot":{"x":-0.0032987594604492189,"y":1.5111525058746338,"z":-1.4241530895233155},"rotation":{"x":-0.23039408028125764,"y":-0.6988820433616638,"z":0.2528020143508911,"w":-0.6289600133895874},"size":3.717261791229248,"orthographic":false}