{"cameraMode":{"drawMode":0,"name":"Shaded","section":"Shading Mode"},"sceneLighting":false,"audioPlay":false,"sceneViewState":{"m_AlwaysRefresh":false,"showFog":true,"showSkybox":false,"showFlares":true,"showImageEffects":true,"showParticleSystems":true,"showVisualEffectGraphs":true,"m_FxEnabled":true},"in2DMode":false,"pivot":{"x":0.0007457733154296875,"y":1.506443738937378,"z":-1.4371395111083985},"rotation":{"x":-0.08970315009355545,"y":-0.10287544876337052,"z":0.009384647943079472,"w":-0.9907465577125549},"size":3.7104055881500246,"orthographic":false}