{"cameraMode":{"drawMode":0,"name":"Shaded","section":"Shading Mode"},"sceneLighting":false,"audioPlay":false,"sceneViewState":{"m_AlwaysRefresh":false,"showFog":true,"showSkybox":false,"showFlares":true,"showImageEffects":true,"showParticleSystems":true,"showVisualEffectGraphs":true,"m_FxEnabled":true},"in2DMode":false,"pivot":{"x":2.7482635974884035,"y":1.3899999856948853,"z":3.7679998874664308},"rotation":{"x":0.5791890621185303,"y":0.0005154491518624127,"z":-0.00030820423853583634,"w":0.8152499198913574},"size":0.08660245686769486,"orthographic":false}