{"cameraMode":{"drawMode":0,"name":"Shaded","section":"Shading Mode"},"sceneLighting":false,"audioPlay":false,"sceneViewState":{"m_AlwaysRefresh":false,"showFog":true,"showSkybox":false,"showFlares":true,"showImageEffects":true,"showParticleSystems":true,"showVisualEffectGraphs":true,"m_FxEnabled":true},"in2DMode":false,"pivot":{"x":-2.6470000743865969,"y":0.2619999647140503,"z":0.8320000171661377},"rotation":{"x":-0.4390121102333069,"y":0.10717231780290604,"z":-0.05409705638885498,"w":-0.8906217217445374},"size":1.0014115571975709,"orthographic":false}