{"cameraMode":{"drawMode":0,"name":"Shaded","section":"Shading Mode"},"sceneLighting":false,"audioPlay":false,"sceneViewState":{"m_AlwaysRefresh":false,"showFog":true,"showSkybox":false,"showFlares":true,"showImageEffects":true,"showParticleSystems":true,"showVisualEffectGraphs":true,"m_FxEnabled":true},"in2DMode":false,"pivot":{"x":-2.6470000743865969,"y":0.2619999647140503,"z":0.8320000171661377},"rotation":{"x":-0.22697535157203675,"y":-0.10785108804702759,"z":0.025304678827524186,"w":-0.9676063656806946},"size":0.8722133040428162,"orthographic":false}