{"cameraMode":{"drawMode":0,"name":"Shaded","section":"Shading Mode"},"sceneLighting":false,"audioPlay":false,"sceneViewState":{"m_AlwaysRefresh":false,"showFog":true,"showSkybox":false,"showFlares":true,"showImageEffects":true,"showParticleSystems":true,"showVisualEffectGraphs":true,"m_FxEnabled":true},"in2DMode":false,"pivot":{"x":1.4530946016311646,"y":1.504037618637085,"z":1.5466084480285645},"rotation":{"x":-0.04520105943083763,"y":-0.5147526264190674,"z":0.02726076729595661,"w":-0.8558850288391113},"size":2.6590306758880617,"orthographic":false}